alpha,l1_ratio
0.011732124365022406,0.1823472199828625
