iterations,learning_rate,depth,l2_leaf_reg
236,0.1554336535334003,6,1.1837622768380007
