alpha,tol
0.010053471800728743,0.007775032362893137
