iterations,learning_rate,depth,l2_leaf_reg
238,0.22993788802770468,9,2.0324630751241597
