mse,rmse,r2,params
0.04051882864243255,0.20129289267739323,0.4746680839700931,"{'n_neighbors': 3, 'p': 1}"
