mse,rmse,r2,params
0.0678865583282358,0.2605504909383895,0.11984188699125431,"{'alpha': 0.010053471800728743, 'tol': 0.007775032362893137}"
