mse,rmse,r2,params
0.001059665957431307,0.03255251077000524,0.9862612921838988,"{'iterations': 236, 'learning_rate': 0.1554336535334003, 'depth': 6, 'l2_leaf_reg': 1.1837622768380007}"
