mse,rmse,r2,params
0.06671535136361251,0.25829315005166614,0.1350267385629208,"{'alpha': 0.011732124365022406, 'l1_ratio': 0.1823472199828625}"
