mse,rmse,r2,params
0.03142387460014373,0.17726780474791165,0.5925853533808876,"{'degree': 3, 'n_estimators': 48, 'max_samples': 0.999294538954812}"
