mse,rmse,r2,params
0.016981750455462574,0.13031404550340142,0.7798293829509302,{'degree': 5}
